Описание;Название;Цена;Валюта;Наличие;"Ссылка на страницу товара"
Манежи;"Cam America";2870000;блр.;"Наличие уточняйте";http://babyexpert.by/product/cam-america
Манежи;"Cam Brevettato";2521500;блр.;"Наличие уточняйте";http://babyexpert.by/product/detskij-manezh-cam-brevettato
Манежи;"Cam Lusso";1783500;блр.;"Наличие уточняйте";http://babyexpert.by/product/cam-lusso
Манежи;"Cam Daily Plus";2890500;блр.;"Под заказ";http://babyexpert.by/product/detskij-manezh-krovat-cam-daily-plus
Комоды;"Cam Asia";5432500;блр.;"Наличие уточняйте";http://babyexpert.by/product/komod-cam-asia
Манежи;"Baby Design Simple";1500000;блр.;"Наличие уточняйте";http://babyexpert.by/product/baby-design-simple
Манежи;"Baby Design Play";1910000;блр.;"Наличие уточняйте";http://babyexpert.by/product/baby-design-play
Манежи;"Bertoni (Lorelli) Play Station";1599000;блр.;"Наличие уточняйте";http://babyexpert.by/product/bertoni-play-station
Манежи;"Bertoni (Lorelli) Arena 1";1681000;блр.;"Наличие уточняйте";http://babyexpert.by/product/bertoni-arena-1
Манежи;"Bertoni (Lorelli) Arena 2 plus";2111500;блр.;"Наличие уточняйте";http://babyexpert.by/product/arena-1-plus
Манежи;"Bertoni (Lorelli) Arena 2";1865500;блр.;"Наличие уточняйте";http://babyexpert.by/product/bertoni-arena-2
Манежи;"Bertoni (Lorelli) Travel Kid 1";1968000;блр.;"Наличие уточняйте";http://babyexpert.by/product/vertoni-travel-kid-1
Манежи;"Bertoni (Lorelli) Travel Kid 2";2234500;блр.;"Наличие уточняйте";http://babyexpert.by/product/bertoni-travel-kids-2
Кроватки;"Erbesi Perlina";15375000;блр.;"Наличие уточняйте";http://babyexpert.by/product/erbesi-perlina
Кроватки;"Erbesi Prezioso";11992500;блр.;"Наличие уточняйте";http://babyexpert.by/product/erbesi-prezioso
Кроватки;"Erbesi Lulu";10147500;блр.;"Наличие уточняйте";http://babyexpert.by/product/erbesi-lulu
Кроватки;"Erbesi Teo";10865000;блр.;"Наличие уточняйте";http://babyexpert.by/product/erbesi-teo
Кроватки;"Erbesi Fiocco";15518500;блр.;"Наличие уточняйте";http://babyexpert.by/product/erbesi-fiocco
Кроватки;"Erbesi Pretty";17384000;блр.;"Наличие уточняйте";http://babyexpert.by/product/erbesi-pretty
Кроватки;"Erbesi Aurora";12300000;блр.;"Наличие уточняйте";http://babyexpert.by/product/erbesi-aurora
Кроватки;"Erbesi Camilla";17527500;блр.;"Наличие уточняйте";http://babyexpert.by/product/erbesi-camilla
Манежи;"Bertoni (Lorelli) Travel Kid Roker 2";2357500;блр.;"Наличие уточняйте";http://babyexpert.by/product/travel-kid-roker-2
Кроватки;"Pali Elena";14657500;блр.;"Наличие уточняйте";http://babyexpert.by/product/pali-elena
Кроватки;"Pali Tiffany Prestige";16236000;блр.;"Наличие уточняйте";http://babyexpert.by/product/pali-tiffany-prestige
Кроватки;"Pali Rigoletto";16994500;блр.;"Наличие уточняйте";http://babyexpert.by/product/pali-rigoletto
Кроватки;"Pali Renee";15662000;блр.;"Наличие уточняйте";http://babyexpert.by/product/pali-renee
Кроватки;"Pali Deseree";10598500;блр.;"Наличие уточняйте";http://babyexpert.by/product/pali-deseree
Кроватки;"Pali Ciak";7482500;блр.;"Наличие уточняйте";http://babyexpert.by/product/pali-ciak
Кроватки;"Pali City";6457500;блр.;"Наличие уточняйте";http://babyexpert.by/product/pali-city
Кроватки;"Pali Tommy";8384500;блр.;"Наличие уточняйте";http://babyexpert.by/product/pali-tommy
Кроватки;"Pali Milly";10373000;блр.;"Наличие уточняйте";http://babyexpert.by/product/pali-milly
Комоды;"Pali Four";10045000;блр.;"Наличие уточняйте";http://babyexpert.by/product/pali-four
Комоды;"Pali Como";12833000;блр.;"Наличие уточняйте";http://babyexpert.by/product/pali-como
Кроватки;"Агат Золушка-1";1004500;блр.;"Наличие уточняйте";http://babyexpert.by/product/agat-zolushka-1
Кроватки;"Агат Золушка-2";1209500;блр.;"Наличие уточняйте";http://babyexpert.by/product/agat-zolushka-2
Кроватки;"Агат Золушка-3";1168500;блр.;"Наличие уточняйте";http://babyexpert.by/product/agat-zolushka-3
Кроватки;"Агат Золушка-4";1435000;блр.;"Наличие уточняйте";http://babyexpert.by/product/agat-zolushka-4
Кроватки;"Агат Золушка-5";1312000;блр.;"Наличие уточняйте";http://babyexpert.by/product/agat-zolushka-5
Кроватки;"Агат Золушка-6";1886000;блр.;"Наличие уточняйте";http://babyexpert.by/product/agat-zolushka-6
Кроватки;"Антел Ульяна-1";3780000;блр.;"Наличие уточняйте";http://babyexpert.by/product/antel-ulyana-1--
Комоды;"Беби Элит Классик мини";1812000;блр.;"Наличие уточняйте";http://babyexpert.by/product/bebi-elit-klassik-mini
Комоды;"Влана Кот в сапогах";4510000;блр.;"Наличие уточняйте";http://babyexpert.by/product/vlana-kmp-804-16-kot-v-sapogah
Комоды;"Влана Меандр (4 ящика)";4551000;блр.;"Наличие уточняйте";http://babyexpert.by/product/vlana-meandr
Кроватки;"Влана Меандр (КТДП-102)";4817500;блр.;"Под заказ";http://babyexpert.by/product/vlana-meandr-ktdp-102
Кроватки;"Влана Меандр (КТМПс-102)";5473500;блр.;"Под заказ";http://babyexpert.by/product/vlana-meandr-ktmps-102
Кроватки;"Влана Розы (КРДПР-100)";5002000;блр.;"Под заказ";http://babyexpert.by/product/vlana-rozy-krdpr-100
Комоды;"Chloe & Ryan Мишутка с шариком";6150000;блр.;"Наличие уточняйте";http://babyexpert.by/product/chloe--ryan-mishutka-s-sharikom
Кроватки;"Красная звезда Любаша (С 635)";2480500;блр.;"Наличие уточняйте";http://babyexpert.by/product/mozhga-lyubasha
Кроватки;"Красная звезда Кристина (С 619)";2747000;блр.;"Наличие уточняйте";http://babyexpert.by/product/mozhga-kristina
Кроватки;"Красная звезда Элина (С 669)";4346000;блр.;"Наличие уточняйте";http://babyexpert.by/product/mozhga-elina
Кроватки;"Красная звезда Яна (С 663)";4038500;блр.;"Наличие уточняйте";http://babyexpert.by/product/mozhga-yana
Кроватки;"Красная звезда Лия (С 610)";1763000;блр.;"Под заказ";http://babyexpert.by/product/mozhga-liya
Кроватки;"Papaloni Джованни (125/65)";3485000;блр.;"Наличие уточняйте";http://babyexpert.by/product/papaloni-dzhovanni
Кроватки;"Красная звезда Алина (С 376)";4981500;блр.;"Наличие уточняйте";http://babyexpert.by/product/krasnaya-zvezda-alina--s-376-
Кроватки;"Красная звезда Ирина (С 625)";4182000;блр.;"Наличие уточняйте";http://babyexpert.by/product/mozhga-irina
Кроватки;"Papaloni Винни";3054500;блр.;"Наличие уточняйте";http://babyexpert.by/product/papaloni-vinni
Кроватки;"Красная звезда Марина (С 700)";3054500;блр.;"Наличие уточняйте";http://babyexpert.by/product/mozhga-marina
Кроватки;"Красная звезда Машенька (С 237)";2357500;блр.;"Наличие уточняйте";http://babyexpert.by/product/mozhga-mashenka
Кроватки;"Красная звезда Виталина (С 851)";4571500;блр.;"Наличие уточняйте";http://babyexpert.by/product/mozhga-vitalina
Кроватки;"Красная звезда Регина (С 600)";5781000;блр.;"Наличие уточняйте";http://babyexpert.by/product/mozhga-regina
Кроватки;"Лель Ромашка АБ 16.2";3751500;блр.;"Наличие уточняйте";http://babyexpert.by/product/lel-romashka
Кроватки;"Красная звезда Ангелина (С 676)";5699000;блр.;"Наличие уточняйте";http://babyexpert.by/product/mozhga-angelina
Кроватки;"Лель Маргаритка БИ 08.2";7585000;блр.;"Наличие уточняйте";http://babyexpert.by/product/lel-margaritka
Кроватки;"Papaloni Санта";3177500;блр.;"Наличие уточняйте";http://babyexpert.by/product/papaloni-santa
Кроватки;"Лель Лютик АБ 15.2";3464500;блр.;"Наличие уточняйте";http://babyexpert.by/product/lel-lyutik
Кроватки;"Лель Лютик АБ 15.1";2685500;блр.;"Наличие уточняйте";http://babyexpert.by/product/lel-lyutik-ab-15
Кроватки;"Лель Василек БИ 09.0";5022500;блр.;"Наличие уточняйте";http://babyexpert.by/product/lel-vasilek
Кроватки;"Giovanni Elite";2665000;блр.;"Наличие уточняйте";http://babyexpert.by/product/giovanni-elite
Манежи;"Graco Contour Electra Deluxe";3412500;блр.;"В наличии";http://babyexpert.by/product/graco-contour-electra-deluxe
Манежи;"Graco Contour Prestige";4120500;блр.;"Под заказ";http://babyexpert.by/product/graco-contour-prestige
Манежи;"Jetem Rhapsody (Capella C4)";2050000;блр.;"Наличие уточняйте";http://babyexpert.by/product/graco-rhapsody
Манежи;"Jetem (Capella) C1";3854000;блр.;"Наличие уточняйте";http://babyexpert.by/product/jetem-c1
Манежи;"Jetem (Capella) C2";2747000;блр.;"Наличие уточняйте";http://babyexpert.by/product/jetem-c2
Манежи;"Jetem (Capella) C3";1906500;блр.;"Наличие уточняйте";http://babyexpert.by/product/jetem-capella-c3
Манежи;"Jetem Sport";2706000;блр.;"Наличие уточняйте";http://babyexpert.by/product/jetem-capella-sport
Манежи;"Jetem (Capella) Quadro";3075000;блр.;"Наличие уточняйте";http://babyexpert.by/product/jetem-capella-quadro
Манежи;"Jetem (Capella) Quadro R";3280000;блр.;"Наличие уточняйте";http://babyexpert.by/product/jetem-capella-quadro-r
Манежи;"Фея Классика";922500;блр.;"Наличие уточняйте";http://babyexpert.by/product/globex-klassika
Манежи;"Фея Квадрат";922500;блр.;"Наличие уточняйте";http://babyexpert.by/product/globex-kvadrat
Манежи;"Фея Уголок";1004500;блр.;"Наличие уточняйте";http://babyexpert.by/product/globex-ugolok
Манежи;"Фея Книжка";1230000;блр.;"Наличие уточняйте";http://babyexpert.by/product/globex-knizhka
Кроватки;"СКВ-Компани 93003 (73003)";3362000;блр.;"Наличие уточняйте";http://babyexpert.by/product/skv-930037-730037
Кроватки;"СКВ-Компани 93001 (73001)";3054500;блр.;"Наличие уточняйте";http://babyexpert.by/product/skv-930011-730011
Кроватки;"СКВ-Компани 53403";2644500;блр.;"Наличие уточняйте";http://babyexpert.by/product/skv-534036
Комоды;"СКВ-Компани 70110";1353000;блр.;"Наличие уточняйте";http://babyexpert.by/product/skv-701006
Кроватки;"Гандылян Ванечка (колесо-качалка)";2931500;блр.;"В наличии";http://babyexpert.by/product/gandilyan-vanechka
Кроватки;"Гандылян Дашенька (колесо-качалка)";2870000;блр.;"Наличие уточняйте";http://babyexpert.by/product/gandilyan-dashenka
Комоды;"Гандылян Аистёнок мини";3854000;блр.;"Наличие уточняйте";http://babyexpert.by/product/gandilyan-aistenok-mini-mini-
Кроватки;"Гандылян Анастасия (маятник)";4018000;блр.;"Наличие уточняйте";http://babyexpert.by/product/gandilyan-anastasiya
Кроватки;"Ведрусс Радуга-4";2050000;блр.;"Наличие уточняйте";http://babyexpert.by/product/vedruss-raduga-4
Кроватки;"Гандылян Чу-Ча (маятник)";3895000;блр.;"В наличии";http://babyexpert.by/product/gandilyan-chu-cha
Кроватки;"Ведрусс Раиса";2480500;блр.;"Под заказ";http://babyexpert.by/product/vedruss-raisa
Кроватки;"Гандылян Лейла (колесо-качалка)";3075000;блр.;"Наличие уточняйте";http://babyexpert.by/product/gandilyan-lejla
Кроватки;"СКВ-Компани 23011";1332500;блр.;"Наличие уточняйте";http://babyexpert.by/product/skv-230115
Кроватки;"Гандылян Диана new (маятник)";5002000;блр.;"Наличие уточняйте";http://babyexpert.by/product/gandilyan-diana
Кроватки;"Гандылян Тереза (трансформер без качания)";3751500;блр.;"Наличие уточняйте";http://babyexpert.by/product/gandilyan-tereza
Кроватки;"Erbesi Brilliante";17056000;блр.;"Наличие уточняйте";http://babyexpert.by/product/erbesi-brilliante
Кроватки;"Гандылян Симоник (колесо-качалка)";3218500;блр.;"Наличие уточняйте";http://babyexpert.by/product/gandilyan-simonik
Кроватки;"СКВ-Компани 23111";1640000;блр.;"Наличие уточняйте";http://babyexpert.by/product/skv-23111
Кроватки;"Гандылян Полина (маятник)";3895000;блр.;"Наличие уточняйте";http://babyexpert.by/product/gandilyan-polina
Кроватки;"Giovanni Belcanto";5084000;блр.;"Наличие уточняйте";http://babyexpert.by/product/giovanni-belcanto
Кроватки;"Erbesi Hippy";7995000;блр.;"Наличие уточняйте";http://babyexpert.by/product/erbesi-hippy-550
Кроватки;"Гандылян Даниэль (маятник)";5084000;блр.;"Наличие уточняйте";http://babyexpert.by/product/gandilyan-daniel
Кроватки;"Erbesi Incanto";9389000;блр.;"Наличие уточняйте";http://babyexpert.by/product/erbesi-incanto
Кроватки;"Гандылян Шарлотта (маятник)";5637500;блр.;"Наличие уточняйте";http://babyexpert.by/product/gandilyan-sharlotta
Кроватки;"Гандылян Джулия (бабочка) (колесо-качалка)";4120500;блр.;"Наличие уточняйте";http://babyexpert.by/product/gandilyan-dzhuliya
Кроватки;"Красная звезда Тимоша (С 312)";3874500;блр.;"Наличие уточняйте";http://babyexpert.by/product/krasnaya-zvezda-timosha
Кроватки;"Красная звезда Викторина (С 352)";6027000;блр.;"Наличие уточняйте";http://babyexpert.by/product/krasnaya-zvezda-viktorina
Кроватки;"Красная звезда Злата (С 353)";3382500;блр.;"Наличие уточняйте";http://babyexpert.by/product/krasnaya-zvezda-zlata-s-353
Кроватки;"Красная звезда Елизавета (С 553)";5924500;блр.;"Наличие уточняйте";http://babyexpert.by/product/krasnaya-zvezda-elizaveta-s-553
Кроватки;"Красная звезда Карина (С 555)";5945000;блр.;"Наличие уточняйте";http://babyexpert.by/product/krasnaya-zvezda-karina-s-555
Кроватки;"Красная звезда Валерия (С 707)";7585000;блр.;"Наличие уточняйте";http://babyexpert.by/product/krasnaya-zvezda-valeriya-s-707
Кроватки;"Красная звезда Руслан (С 725)";5945000;блр.;"Наличие уточняйте";http://babyexpert.by/product/krasnaya-zvezda-ruslan-s-725
Кроватки;"Красная звезда Аэлита (С 888)";8692000;блр.;"Наличие уточняйте";http://babyexpert.by/product/krasnaya-zvezda-aelita-s-888
Комоды;"Красная звезда С 257";4981500;блр.;"Наличие уточняйте";http://babyexpert.by/product/krasnaya-zvezda-s-247
Комоды;"Красная звезда С 421";5678500;блр.;"Наличие уточняйте";http://babyexpert.by/product/krasnaya-zvezda-s-421
Комоды;"Красная звезда С 492";4858500;блр.;"Наличие уточняйте";http://babyexpert.by/product/krasnaya-zvezda-s-492
Комоды;"Красная звезда С 575";5535000;блр.;"Наличие уточняйте";http://babyexpert.by/product/krasnaya-zvezda-s-575
Комоды;"Красная звезда С 566";6355000;блр.;"Наличие уточняйте";http://babyexpert.by/product/krasnaya-zvezda-s-665
Кроватки;"Simplicity (4 в 1)";2931500;блр.;"Под заказ";http://babyexpert.by/product/simplicity-4-v-1
Комоды;"Гандылян Аистенок мини люкc";4202500;блр.;"Наличие уточняйте";http://babyexpert.by/product/gandilyan-aistenok-mini-lyukc
Комоды;"Гандылян Аистенок";4079500;блр.;"Наличие уточняйте";http://babyexpert.by/product/gandilyan-aistenok
Комоды;"Гандылян Александра";4366500;блр.;"Наличие уточняйте";http://babyexpert.by/product/gandilyan-aleksandra
Комоды;"Гандылян Жасмин";3280000;блр.;"Наличие уточняйте";http://babyexpert.by/product/gandilyan-zhasmin
Комоды;"Гандылян Иришка";4243500;блр.;"Наличие уточняйте";http://babyexpert.by/product/gandilyan-irishka
Кроватки;"Гандылян Лили (маятник)";2193500;блр.;"Наличие уточняйте";http://babyexpert.by/product/gandilyan-lili
Кроватки;"Гандылян Моника (маятник)";5494000;блр.;"Наличие уточняйте";http://babyexpert.by/product/gandilyan-monika
Комоды;"Гандылян Сильвия";4325500;блр.;"Наличие уточняйте";http://babyexpert.by/product/gandilyan-silviya
Комоды;"Гандылян Сильвия Люкс";5063500;блр.;"Наличие уточняйте";http://babyexpert.by/product/gandilyan-silviya-lyuks
Комоды;"СКВ-Компани 70100";2275500;блр.;"Наличие уточняйте";http://babyexpert.by/product/skv-701001
Кроватки;"Рио Яна с сердечком";1783500;блр.;"В наличии";http://babyexpert.by/product/rio-yana-s-serdechkom
Комоды;"Лель АБ 33.2";4879000;блр.;"Наличие уточняйте";http://babyexpert.by/product/lel-ab-332
Комоды;"Лель АБ 34";4530500;блр.;"Наличие уточняйте";http://babyexpert.by/product/lel-ab-34
Комоды;"Лель АБ 36.0 Бриллиант";5904000;блр.;"Наличие уточняйте";http://babyexpert.by/product/lel-bi-36-brilliant
Кроватки;"Giovanni Magico";5781000;блр.;"Наличие уточняйте";http://babyexpert.by/product/giovanni-magico
Кроватки;"Антел Алита-2";1659000;блр.;"Наличие уточняйте";http://babyexpert.by/product/antel-alita-2
Кроватки;"Антел Алита-3";1995000;блр.;"Наличие уточняйте";http://babyexpert.by/product/antel-alita-3
Кроватки;"Антел Алита-4";2457000;блр.;"Наличие уточняйте";http://babyexpert.by/product/antel-alita-4
Кроватки;"Антел Алита-5";1995000;блр.;"Под заказ";http://babyexpert.by/product/antel-alita-5
Кроватки;"Антел Алита-6";2562000;блр.;"Наличие уточняйте";http://babyexpert.by/product/antel-alita-6
Кроватки;"Антел Ульяна-2 (с маятником)";3402000;блр.;"Под заказ";http://babyexpert.by/product/krovat-transformer-ulyana-s-mayatnikom
Манежи;"Caretero Grande";2501000;блр.;"Наличие уточняйте";http://babyexpert.by/product/caretero-grande
Манежи;"Caretero Medio Safari";2050000;блр.;"Наличие уточняйте";http://babyexpert.by/product/caretero-medio-safari
Манежи;"Caretero Medio Classic";2050000;блр.;"Наличие уточняйте";http://babyexpert.by/product/caretero-medio-classic
Манежи;"Caretero Simplo";1640000;блр.;"Наличие уточняйте";http://babyexpert.by/product/caretero-simplo
Манежи;"Bertoni (Lorelli) Zippy 2 Plus";2111500;блр.;"Наличие уточняйте";http://babyexpert.by/product/bertoni-zippy-2-plus
Кроватки;"Гандылян Софи М (маятник)";5658000;блр.;"Наличие уточняйте";http://babyexpert.by/product/gandilyan-sofi-mayatnik-universalnij
Кроватки;"Гандылян Джулия (бабочка) (маятник)";5309500;блр.;"Наличие уточняйте";http://babyexpert.by/product/gandilyan-dzhuliya-babochka-mayatnik-universalnij
Кроватки;"Гандылян Моника (колесо)";4428000;блр.;"В наличии";http://babyexpert.by/product/gandilyan-monika-koleso-kachalka
Кроватки;"Гандылян Шарлотта (колесо-качалка)";4469000;блр.;"Наличие уточняйте";http://babyexpert.by/product/gandilyan-sharlotta-koleso-kachalka
Кроватки;"Гандылян Даниэль (колесо-качалка)";3997500;блр.;"Наличие уточняйте";http://babyexpert.by/product/gandilyan-daniel-koleso-kachalka
Кроватки;"Гандылян Дашенька (маятник)";3977000;блр.;"Наличие уточняйте";http://babyexpert.by/product/gandilyan-dashenka-mayatnik-universalnij
Кроватки;"Гандылян Джозеппе (колесо)";4100000;блр.;"Наличие уточняйте";http://babyexpert.by/product/dzhozeppe--koleso-
Кроватки;"Гандылян Джозеппе (маятник)";5371000;блр.;"Наличие уточняйте";http://babyexpert.by/product/gandilyan-dzhozeppe-mayatnik-universalnij
Кроватки;"Гандылян Мишель (колесо-качалка)";5063500;блр.;"Наличие уточняйте";http://babyexpert.by/product/gandilyan-mishel-koleso-kachalka
Кроватки;"Гандылян Мишель (маятник)";6478000;блр.;"Наличие уточняйте";http://babyexpert.by/product/gandilyan-mishel-mayatnik-universalnij
Комоды;"Гандылян Арландо";4305000;блр.;"Наличие уточняйте";http://babyexpert.by/product/gandilyan-arlando
Комоды;"Гандылян Патрик";4141000;блр.;"Наличие уточняйте";http://babyexpert.by/product/gandilyan-patrik
Кроватки;"Гандылян Анжелика (колесо-качалка)";3977000;блр.;"Наличие уточняйте";http://babyexpert.by/product/gandylyan-anzhelika-koleso-kachalka
Манежи;"Quatro Giraffe";1476000;блр.;"Наличие уточняйте";http://babyexpert.by/product/quatro-giraffe
Манежи;"Quatro Safari";1722000;блр.;"Наличие уточняйте";http://babyexpert.by/product/quatro-safari
Манежи;"Quatro Lulu 3";1947500;блр.;"Наличие уточняйте";http://babyexpert.by/product/quatro-lulu3
Манежи;"Quatro Lulu 2";1824500;блр.;"Наличие уточняйте";http://babyexpert.by/product/quatro-lulu3-1374
Кроватки;"Papaloni Джованни (120/60)";3341500;блр.;"Наличие уточняйте";http://babyexpert.by/product/papaloni-dzhovanni-1383
Кроватки;"Papaloni Винни (маятник)";4346000;блр.;"Наличие уточняйте";http://babyexpert.by/product/papaloni-vinni-mayatnik
Кроватки;"Papaloni Vitalia (маятник) 125/65";4817500;блр.;"Под заказ";http://babyexpert.by/product/papaloni-vitalia-mayatnik-12565
Комоды;"Papaloni Olivia 650";4879000;блр.;"Наличие уточняйте";http://babyexpert.by/product/papaloni-olivia-650
Комоды;"Papaloni Olivia 510";4858500;блр.;"Наличие уточняйте";http://babyexpert.by/product/papaloni-olivia-510
Комоды;"Papaloni Luna 760";5084000;блр.;"Наличие уточняйте";http://babyexpert.by/product/papaloni-luna-760
Кроватки;"Велар Карапуз М5";2077000;блр.;"Наличие уточняйте";http://babyexpert.by/product/velar-karapuz-m5
Кроватки;"Велар Кроха М5";2747000;блр.;"Наличие уточняйте";http://babyexpert.by/product/velar-kroha-m5
Кроватки;"Велар Малютка М2";2433500;блр.;"Наличие уточняйте";http://babyexpert.by/product/velar-malyutka-m2
Кроватки;"Велар Малютка М5";2562500;блр.;"Наличие уточняйте";http://babyexpert.by/product/velar-malyutka-m5
Кроватки;"Ведрусс Кира-1";1804000;блр.;"Под заказ";http://babyexpert.by/product/vedruss-kira-1
Кроватки;"Ведрусс Лана-2";1865500;блр.;"Под заказ";http://babyexpert.by/product/vedruss-lana-2
Кроватки;"Ведрусс Радуга";1845000;блр.;"Наличие уточняйте";http://babyexpert.by/product/vedruss-raduga
Кроватки;"Ведрусс Кира-4";2152500;блр.;"Наличие уточняйте";http://babyexpert.by/product/vedruss-kira-4
Кроватки;"Ведрусс Раиса (с маятником)";2931500;блр.;"Под заказ";http://babyexpert.by/product/krovat-transformer-vedruss-raisa
Комоды;"Ведрусс Мишка-1";1845000;блр.;"Наличие уточняйте";http://babyexpert.by/product/vedruss-mishka-1
Комоды;"Ведрусс Мишка-2";1906500;блр.;"Наличие уточняйте";http://babyexpert.by/product/mishka-2
Комоды;"Ведрусс Мишка-5";1742500;блр.;"Наличие уточняйте";http://babyexpert.by/product/mishka-5
Комоды;"Лель Императорский БИ 31";6437000;блр.;"Наличие уточняйте";http://babyexpert.by/product/lel-imperatorskiy-bi-31
Кроватки;"Велар Карапуз М2";2681500;блр.;"Наличие уточняйте";http://babyexpert.by/product/velar-karapuz-m2
Комоды;"Ведрусс Мишка-3";1599000;блр.;"Наличие уточняйте";http://babyexpert.by/product/vedruss-mishka-3-
Комоды;"Ведрусс Мишка-4";1681000;блр.;"Наличие уточняйте";http://babyexpert.by/product/vedruss-mishka-4
Комоды;"Лель АБ 33.4";4100000;блр.;"Наличие уточняйте";http://babyexpert.by/product/lel-ab-33.4
Манежи;"NeoNato Colosseo";3464500;блр.;"Наличие уточняйте";http://babyexpert.by/product/neonato-colosseo
Кроватки;"Ведрусс Лана-3";2050000;блр.;"Наличие уточняйте";http://babyexpert.by/product/vedruss-lana-3
Кроватки;"Лель Лютик АБ 15.0";2357500;блр.;"Наличие уточняйте";http://babyexpert.by/product/lel-lyutik-ab-15.0
Манежи;"Bertoni (Lorelli) iLounge";2460000;блр.;"Наличие уточняйте";http://babyexpert.by/product/bertoni--lorelli--ilounge
Манежи;"Bertoni (Lorelli) Zippy 1";1640000;блр.;"Наличие уточняйте";http://babyexpert.by/product/bertoni-zippy-1
Манежи;"Bertoni (Lorelli) Zippy 2";1763000;блр.;"Наличие уточняйте";http://babyexpert.by/product/bertoni-zippy-2
Манежи;"Baby Care Fantasy";2665000;блр.;"Наличие уточняйте";http://babyexpert.by/product/baby-care-fantasy
Комоды;"Красная звезда С439";5125000;блр.;"Наличие уточняйте";http://babyexpert.by/product/krasnaya-zvezda-s439
Комоды;"СКВ-Компани 70002";1537500;блр.;"Наличие уточняйте";http://babyexpert.by/product/skv-70002
Комоды;"Лель БИ 03";4161500;блр.;"Наличие уточняйте";http://babyexpert.by/product/lel-bi-03
Кроватки;"Лель Феррария БИ 05";6970000;блр.;"Наличие уточняйте";http://babyexpert.by/product/lel-ferrariya-bi-05
Кроватки;"Лель Ландыш БИ 07.2";6334500;блр.;"Наличие уточняйте";http://babyexpert.by/product/lel-landysh-bi-07.2-
Кроватки;"Лель Ландыш БИ 07.3";6334500;блр.;"Наличие уточняйте";http://babyexpert.by/product/lel-landysh-bi-07.3
Кроватки;"Лель Маргаритка БИ 08.3";7585000;блр.;"Наличие уточняйте";http://babyexpert.by/product/lel-margaritka-bi-08.3
Кроватки;"Лель Лютик АБ 15.3";3526000;блр.;"Наличие уточняйте";http://babyexpert.by/product/lel-lyutik-ab-15.3
Кроватки;"Лель Ромашка АБ 16.0";2624000;блр.;"Наличие уточняйте";http://babyexpert.by/product/lel-romashka-ab-16
Кроватки;"Лель Ромашка АБ 16.1";3075000;блр.;"Наличие уточняйте";http://babyexpert.by/product/lel-romashka-ab-16.1
Кроватки;"Лель Ромашка АБ 16.3";3936000;блр.;"Наличие уточняйте";http://babyexpert.by/product/lel-romashka-ab-16.3
Кроватки;"Лель Лилия АБ 17.0 Люкс";3116000;блр.;"Наличие уточняйте";http://babyexpert.by/product/lel-liliya-ab-17-lyuks
Кроватки;"Лель Лилия АБ 17.1 Люкс";4223000;блр.;"Наличие уточняйте";http://babyexpert.by/product/lel-liliya-ab-17.1-lyuks
Кроватки;"Лель Лилия АБ 17.2 Люкс";4510000;блр.;"Наличие уточняйте";http://babyexpert.by/product/lel-liliya-ab-17.2-lyuks
Кроватки;"Лель Лилия АБ 17.3 Люкс";4510000;блр.;"Наличие уточняйте";http://babyexpert.by/product/lel-liliya-ab-17.3-lyuks
Кроватки;"Лель Лилия АБ 17.3 Люкс с инкрустацией стразами";5535000;блр.;"Наличие уточняйте";http://babyexpert.by/product/lel-liliya-ab-17.3-lyuks-s-inkrustaciey-strazami
Кроватки;"Лель Жасмин АБ 19.2";4366500;блр.;"Наличие уточняйте";http://babyexpert.by/product/lel-zhasmin-ab-19.2
Кроватки;"Лель Жасмин АБ 19.3";4387000;блр.;"Наличие уточняйте";http://babyexpert.by/product/lel-zhasmin-ab-19.3
Кроватки;"Лель Лаванда АБ 21.2";5371000;блр.;"Наличие уточняйте";http://babyexpert.by/product/lel-lavanda-ab-21.2
Кроватки;"Лель Лаванда АБ 21.0";4940500;блр.;"Наличие уточняйте";http://babyexpert.by/product/lel-lavanda-ab-21
Кроватки;"Лель Лаванда АБ 21.1";5617000;блр.;"Наличие уточняйте";http://babyexpert.by/product/lel-lavanda-ab-21.1-
Кроватки;"Лель Лаванда АБ 21.3";5371000;блр.;"Наличие уточняйте";http://babyexpert.by/product/lel-lavanda-ab-21.3
Кроватки;"Лель Камелия АБ 23.2";5699000;блр.;"Наличие уточняйте";http://babyexpert.by/product/lel-kameliya-ab-23.2
Кроватки;"Лель Камелия АБ 23.3";5699000;блр.;"Наличие уточняйте";http://babyexpert.by/product/lel-kameliya-ab-23.3
Кроватки;"Лель Орхидея АБ 24.1";6088500;блр.;"Наличие уточняйте";http://babyexpert.by/product/lel-orhideya-ab-24.1
Кроватки;"Лель Орхидея АБ 24.2";4776500;блр.;"Наличие уточняйте";http://babyexpert.by/product/lel-orhideya-ab-24.2
Кроватки;"Лель Орхидея АБ 24.3";4776500;блр.;"Наличие уточняйте";http://babyexpert.by/product/lel-orhideya-ab-24.3
Кроватки;"Лель Виола АБ 25.0";3362000;блр.;"Наличие уточняйте";http://babyexpert.by/product/lel-viola-ab-25
Кроватки;"Лель Виола АБ 25.1";4346000;блр.;"Наличие уточняйте";http://babyexpert.by/product/lel-viola-ab-25.1
Кроватки;"Лель Виола АБ 25.2";4879000;блр.;"Наличие уточняйте";http://babyexpert.by/product/lel-viola-ab-25.2
Кроватки;"Лель Виола АБ 25.3";4879000;блр.;"Наличие уточняйте";http://babyexpert.by/product/lel-viola-ab-25.3
Комоды;"Лель АБ 30 (узкий)";3567000;блр.;"Наличие уточняйте";http://babyexpert.by/product/lel-ab-30--uzkiy-
Комоды;"Лель БИ 777";5268500;блр.;"Наличие уточняйте";http://babyexpert.by/product/lel-bi-777
Комоды;"Лель БИ 888";4592000;блр.;"Наличие уточняйте";http://babyexpert.by/product/lel-bi-888
Комоды;"Лель БИ 999";5125000;блр.;"Под заказ";http://babyexpert.by/product/lel-bi-999
Комоды;"Лель БИ 06";4858500;блр.;"Под заказ";http://babyexpert.by/product/lel-bi-06
Кроватки;"Лель Азалия БИ 10.2";7400500;блр.;"Наличие уточняйте";http://babyexpert.by/product/lel-azaliya-bi-10.2
Манежи;"Bertoni (Lorelli) Dreamer 2 Plus";2316500;блр.;"Наличие уточняйте";http://babyexpert.by/product/bertoni-dreamer
Манежи;"Bertoni (Lorelli) Game Zone";1722000;блр.;"Наличие уточняйте";http://babyexpert.by/product/bertoni-game-zone
Манежи;"Bertoni (Lorelli) Nanny 1";1537500;блр.;"Наличие уточняйте";http://babyexpert.by/product/bertoni-nanny-1
Кроватки;"СКВ-Компани 83003";3854000;блр.;"Наличие уточняйте";http://babyexpert.by/product/skv-83003
Комоды;"Giovanni Belcanto Lux";4530500;блр.;"Наличие уточняйте";http://babyexpert.by/product/giovanni-belcanto-lux
Комоды;"Giovanni Aria Lux";4694500;блр.;"Наличие уточняйте";http://babyexpert.by/product/giovanni-aria-lux
Кроватки;"Giovanni Bravo";5084000;блр.;"Наличие уточняйте";http://babyexpert.by/product/giovanni-bravo
Кроватки;"Giovanni Grande";3505500;блр.;"Наличие уточняйте";http://babyexpert.by/product/giovanni-grande
Кроватки;"Avanti 9-10039840 (металлическая с текстилем)";3895000;блр.;"Наличие уточняйте";http://babyexpert.by/product/avanti-9-10039840--metallicheskaya-s-tekstilem-
Кроватки;"Jetem Dream";2419000;блр.;"Наличие уточняйте";http://babyexpert.by/product/jetem-dream
Кроватки;"Jetem Sweet Dream 3 в 1";2460000;блр.;"Наличие уточняйте";http://babyexpert.by/product/jetem-sweet-dream-3-v-1
Манежи;"Babies P-2H";2665000;блр.;"Наличие уточняйте";http://babyexpert.by/product/babies-p-2h
Манежи;"Babies P-2HP";2665000;блр.;"Наличие уточняйте";http://babyexpert.by/product/babies-p-2hp
Манежи;"Babies P-2J";2665000;блр.;"Наличие уточняйте";http://babyexpert.by/product/babies-p-2j
Манежи;"Babies P-1A";2829000;блр.;"Наличие уточняйте";http://babyexpert.by/product/babies-p-1a
Манежи;"Babies P-1BK";2829000;блр.;"Наличие уточняйте";http://babyexpert.by/product/babies-p-1bk
Манежи;"Babies P-1YO";2849500;блр.;"Наличие уточняйте";http://babyexpert.by/product/babies-p-1yo
Манежи;"Babies P-695H";2788000;блр.;"Наличие уточняйте";http://babyexpert.by/product/babies-p-695h
Манежи;"Babies P-695I";2788000;блр.;"Наличие уточняйте";http://babyexpert.by/product/babies-p-695i
Манежи;"Babies P-695J";2788000;блр.;"Наличие уточняйте";http://babyexpert.by/product/babies-p-695j
Комоды;"Антел Ульяна-1 600/4 (ЛДСП)";1533000;блр.;"Под заказ";http://babyexpert.by/product/antel-ulyana-1
Манежи;"Bertoni (Lorelli) Play";1701500;блр.;"Наличие уточняйте";http://babyexpert.by/product/bertoni-play
Комоды;"Антел Ульяна-2 800/4 (ЛДСП)";1554000;блр.;"Под заказ";http://babyexpert.by/product/antel-ulyana-2--4-yaschika
Комоды;"Антел Ульяна-3 800/5 (ЛСДП)";1596000;блр.;"Под заказ";http://babyexpert.by/product/antel-ulyana-3
Комоды;"Антел Ульяна-4 600/4 (МДФ)";1743000;блр.;"Под заказ";http://babyexpert.by/product/antel-ulyana-4
Комоды;"Антел Ульяна-5 800/4 (МДФ)";1806000;блр.;"Под заказ";http://babyexpert.by/product/antel-ulyana-5-4-yaschika
Комоды;"Антел Ульяна-6 800/5 (МДФ)";1848000;блр.;"Под заказ";http://babyexpert.by/product/antel-ulyana-6
Кроватки;"Kitan Flamingo";2340000;блр.;"Под заказ";http://babyexpert.by/product/babypoint-regina
Манежи;"Bertoni (Lorelli) Zippy 2 Plus Rocker";2316500;блр.;"Наличие уточняйте";http://babyexpert.by/product/bertoni-zippy-2-plus-rocker
Кроватки;"Красная звезда Марина (C 702)";3239000;блр.;"Наличие уточняйте";http://babyexpert.by/product/krasnaya-zvezda-marina--c-702-
Кроватки;"Гандылян Анжелика (универсальный маятник)";5555500;блр.;"Наличие уточняйте";http://babyexpert.by/product/gandylyan-anzhelika--prodolnyy-mayatnik-
Комоды;"Островок уюта Бабочки";1906500;блр.;"Наличие уточняйте";http://babyexpert.by/product/ostrovok-uyuta-babochki
Кроватки;"Островок уюта Чунга-Чанга";3177500;блр.;"Наличие уточняйте";http://babyexpert.by/product/ostrovok-uyuta-chunga-changa-
Кроватки;"Островок уюта Бантики (поперечный маятник)";3075000;блр.;"Наличие уточняйте";http://babyexpert.by/product/detskaya-krovatka-ostrovok-uyuta-bantiki
Кроватки;"Островок уюта Бабочки (поперечный маятник)";3075000;блр.;"Наличие уточняйте";http://babyexpert.by/product/detskaya-krovatka-ostrovok-uyuta-babochki-
Кроватки;"Feretti Papa Cote Merit";7175000;блр.;"Наличие уточняйте";http://babyexpert.by/product/feretti-papa-cote-merit
Кроватки;"Feretti Papa Cote Sleeping Bears";8200000;блр.;"Наличие уточняйте";http://babyexpert.by/product/feretti-papa-cote-sleeping-bears
Кроватки;"Feretti Ariston Rovere";11070000;блр.;"Наличие уточняйте";http://babyexpert.by/product/feretti-ariston-rovere
Комоды;"Feretti Charme Como";16400000;блр.;"Наличие уточняйте";http://babyexpert.by/product/feretti-charme-como
Комоды;"Feretti Charme Bagnetto";13222500;блр.;"Наличие уточняйте";http://babyexpert.by/product/feretti-charme-bagnetto-
Кроватки;"Красная звезда Елисей (С 717)";5986000;блр.;"Наличие уточняйте";http://babyexpert.by/product/krasnaya-zvezda-elisey--s-717-
Кроватки;"Красная звезда Юлиан (С 777)";9225000;блр.;"Под заказ";http://babyexpert.by/product/krasnaya-zvezda-yulian--s-777-
Кроватки;"Красная звезда Юлиана (С 757)";9184000;блр.;"Наличие уточняйте";http://babyexpert.by/product/krasnaya-zvezda-yuliana--s-757-
Кроватки;"Красная звезда Кармелина (С 656)";4879000;блр.;"Наличие уточняйте";http://babyexpert.by/product/krasnaya-zvezda-karmelina--s-656-
Кроватки;"Красная звезда Ефросинья (С 554)";7318500;блр.;"Наличие уточняйте";http://babyexpert.by/product/krasnaya-zvezda-efrosinya--s-554-
Кроватки;"Красная звезда Агата (С 719)";5125000;блр.;"Наличие уточняйте";http://babyexpert.by/product/krasnaya-zvezda-agata--s-719-
Кроватки;"Красная звезда Агата (С 718)";4100000;блр.;"Наличие уточняйте";http://babyexpert.by/product/krasnaya-zvezda-agata--s-718-
Комоды;"Красная звезда С 571";5678500;блр.;"Наличие уточняйте";http://babyexpert.by/product/krasnaya-zvezda-s-571
Кроватки;"Красная звезда Любаша (С 535)";3895000;блр.;"Наличие уточняйте";http://babyexpert.by/product/krasnaya-zvezda-lyubasha--s-535-
Кроватки;"Красная звезда Регина (C 580)";5883500;блр.;"Наличие уточняйте";http://babyexpert.by/product/krasnaya-zvezda-regina--c-580-
Кроватки;"Красная звезда Регина (C 602)";5268500;блр.;"Наличие уточняйте";http://babyexpert.by/product/krasnaya-zvezda-regina--c602
Манежи;"Bomiko Basic";1300000;блр.;"Наличие уточняйте";http://babyexpert.by/product/bomiko-basic
Комоды;"Красная звезда С265";6560000;блр.;"Наличие уточняйте";http://babyexpert.by/product/krasnaya-zvezda-s265
Комоды;"Красная звезда С567";6068000;блр.;"Наличие уточняйте";http://babyexpert.by/product/krasnaya-zvezda-s567
Комоды;"Красная звезда С565";5842500;блр.;"Наличие уточняйте";http://babyexpert.by/product/krasnaya-zvezda-s565
Манежи;"Caretero Quadra";1640000;блр.;"Наличие уточняйте";http://babyexpert.by/product/caretero-quadra
Кроватки;"Feretti Charme";15170000;блр.;"Наличие уточняйте";http://babyexpert.by/product/feretti-charme
Кроватки;"Feretti FMS Charme";16133500;блр.;"В наличии";http://babyexpert.by/product/feretti-fms-charme
Кроватки;"Feretti Chaton";12812500;блр.;"Наличие уточняйте";http://babyexpert.by/product/feretti-chaton
Кроватки;"Feretti Chaton FMS";16810000;блр.;"Наличие уточняйте";http://babyexpert.by/product/feretti-chaton-fms
Кроватки;"Feretti Desire";11275000;блр.;"Под заказ";http://babyexpert.by/product/feretti-desire
Кроватки;"Feretti Elegance Dondolo";9737500;блр.;"Наличие уточняйте";http://babyexpert.by/product/feretti-elegance-dondolo
Кроватки;"Feretti FMS Elegance";12505000;блр.;"Наличие уточняйте";http://babyexpert.by/product/feretti-fms-elegance
Кроватки;"Feretti Elite";9737500;блр.;"Наличие уточняйте";http://babyexpert.by/product/feretti-elite
Кроватки;"Feretti FMS Elite";13632500;блр.;"Наличие уточняйте";http://babyexpert.by/product/feretti-fms-elite
Кроватки;"Feretti Enchant Dondolo";11275000;блр.;"Наличие уточняйте";http://babyexpert.by/product/feretti-enchant-dondolo
Кроватки;"Feretti FMS Enchant";14555000;блр.;"Наличие уточняйте";http://babyexpert.by/product/feretti-fms-enchant-dondolo
Кроватки;"Feretti Enchant";11275000;блр.;"Наличие уточняйте";http://babyexpert.by/product/feretti-enchant
Кроватки;"Feretti Etoile Bliss";15375000;блр.;"Наличие уточняйте";http://babyexpert.by/product/feretti-etoile-bliss
Кроватки;"Feretti FMS Etoile";18860000;блр.;"Наличие уточняйте";http://babyexpert.by/product/feretti-fms-etoile
Кроватки;"Feretti Grandeur";13325000;блр.;"Наличие уточняйте";http://babyexpert.by/product/feretti-grandeur
Кроватки;"Feretti Luxor";11992500;блр.;"Наличие уточняйте";http://babyexpert.by/product/feretti-luxor
Кроватки;"Feretti Mon Amour";10250000;блр.;"Наличие уточняйте";http://babyexpert.by/product/feretti-mon-amour
Манежи;"Brevi Circus Italia";3075000;блр.;"Наличие уточняйте";http://babyexpert.by/product/brevi-circus-italia
Манежи;"Brevi Circus Europa";3485000;блр.;"Наличие уточняйте";http://babyexpert.by/product/brevi-circus-europa
Манежи;"Brevi Royal";2562500;блр.;"Наличие уточняйте";http://babyexpert.by/product/brevi-royal
Манежи;"Brevi Royal Hello Kitty";3034000;блр.;"Наличие уточняйте";http://babyexpert.by/product/brevi-royal-hello-kitty
Манежи;"Brevi Soft & Play - Giramondo";6560000;блр.;"Наличие уточняйте";http://babyexpert.by/product/brevi-soft--play---giramondo
Манежи;"Brevi Soft & Play - Green Farm";3690000;блр.;"Наличие уточняйте";http://babyexpert.by/product/brevi-soft--play---green-farm
Манежи;"Brevi Soft & Play - Hello Kitty";5166000;блр.;"Наличие уточняйте";http://babyexpert.by/product/brevi-soft--play---hello-kitty
Кроватки;"Feretti Premiere";8200000;блр.;"Наличие уточняйте";http://babyexpert.by/product/feretti-premiere
Кроватки;"Feretti Privilege";11275000;блр.;"Наличие уточняйте";http://babyexpert.by/product/feretti-privilege
Кроватки;"Feretti FMS Ricordo";14042500;блр.;"Наличие уточняйте";http://babyexpert.by/product/feretti-fms-ricordo
Кроватки;"Feretti Ricordo";8200000;блр.;"Под заказ";http://babyexpert.by/product/feretti-ricordo
Кроватки;"Feretti Ricordo Dondolo";9840000;блр.;"Наличие уточняйте";http://babyexpert.by/product/feretti-ricordo-dondolo-
Кроватки;"Feretti Romance";10865000;блр.;"Под заказ";http://babyexpert.by/product/feretti-romance
Кроватки;"Feretti Romance FMS";14760000;блр.;"Под заказ";http://babyexpert.by/product/feretti-romance-fms
Манежи;"Фея Арена";2152500;блр.;"В наличии";http://babyexpert.by/product/arena
Кроватки;"Papaloni Maggy 125x65";6621500;блр.;"Наличие уточняйте";http://babyexpert.by/product/maggy-125x65
Кроватки;"Papaloni Джованни 125x65 (маятник)";4489500;блр.;"Под заказ";http://babyexpert.by/product/dzhovanni-125x65--mayatnik-
Манежи;"Brevi Soft and Play - MondoCirco";4100000;блр.;"Наличие уточняйте";http://babyexpert.by/product/soft--play---mondocirco
Манежи;"Brevi Soft & Play - My Little Angel";4346000;блр.;"Наличие уточняйте";http://babyexpert.by/product/soft--play---my-little-angel
Манежи;"Brevi Soft & Play - White Rabbit";4243500;блр.;"Наличие уточняйте";http://babyexpert.by/product/soft--play---white-rabbit
Манежи;"Brevi Dolce Nanna Plus";3485000;блр.;"Наличие уточняйте";http://babyexpert.by/product/dolce-nanna-plus
Манежи;"Brevi Dolce Nanna Plus Hello Kitty";4100000;блр.;"Наличие уточняйте";http://babyexpert.by/product/dolce-nanna-plus-hello-kitty
Манежи;"Inglesina Lodge";3485000;блр.;"Наличие уточняйте";http://babyexpert.by/product/-lodge
Кроватки;"Гандылян Габриэлла (колесо-качалка)";5760500;блр.;"Наличие уточняйте";http://babyexpert.by/product/gabryela-kola-kachalka
Кроватки;"Papaloni Vitalia (колесо-качалка) 125/65";4407500;блр.;"Наличие уточняйте";http://babyexpert.by/product/vitalia--koleso-kachalka--125-65
Кроватки;"Гандылян Тереза (трансформер с маятником)";5945000;блр.;"Наличие уточняйте";http://babyexpert.by/product/tereza-mayatnik
Кроватки;"Островок уюта Виола (поперечный маятник)";3075000;блр.;"Наличие уточняйте";http://babyexpert.by/product/viola--poperechnyy-mayatnik-
Кроватки;"Островок уюта Вояж (поперечный маятник)";3075000;блр.;"Наличие уточняйте";http://babyexpert.by/product/voyazh-poperechnyy-mayatnik
Комоды;"Островок уюта Вояж";1906500;блр.;"Наличие уточняйте";http://babyexpert.by/product/voyazh-
Кроватки;"Островок уюта Ля-Мур (поперечный маятник)";3075000;блр.;"Наличие уточняйте";http://babyexpert.by/product/lya-mur-poperechnyy-mayatnik
Комоды;"Островок уюта Ля-Мур";1906500;блр.;"Наличие уточняйте";http://babyexpert.by/product/lya-mur-
Кроватки;"Островок уюта Розали (поперечный маятник)";3075000;блр.;"Наличие уточняйте";http://babyexpert.by/product/rozali-poperechnyy-mayatnik
Комоды;"Островок уюта Розали";1906500;блр.;"Наличие уточняйте";http://babyexpert.by/product/rozali-
Кроватки;"Гандылян Габриэлла (маятник)";6765000;блр.;"Наличие уточняйте";http://babyexpert.by/product/gabriella
Кроватки;"Giovanni Prima";4141000;блр.;"Наличие уточняйте";http://babyexpert.by/product/prima
Кроватки;"Giovanni Aria";5637500;блр.;"Наличие уточняйте";http://babyexpert.by/product/aria
Кроватки;"Лель Лютик АБ 15.4";4489500;блр.;"Наличие уточняйте";http://babyexpert.by/product/lyutik-ab-15.4
Кроватки;"Лель Ромашка АБ 16.4";5145500;блр.;"Наличие уточняйте";http://babyexpert.by/product/romashka-ab-16.4
Кроватки;"Лель Жасмин АБ 19.4";5289000;блр.;"Наличие уточняйте";http://babyexpert.by/product/zhasmin-ab-19.4
Кроватки;"Лель Лаванда АБ 21.4";7175000;блр.;"Наличие уточняйте";http://babyexpert.by/product/lavanda-ab-21.4
Кроватки;"Лель Лилия АБ 17.4 Люкс";5207000;блр.;"Наличие уточняйте";http://babyexpert.by/product/liliya-ab-17.4-lyuks
Кроватки;"Лель Камелия АБ 23.4";6847000;блр.;"Наличие уточняйте";http://babyexpert.by/product/kameliya-ab-23.4
Кроватки;"Лель Ландыш БИ 07.4";7400500;блр.;"Наличие уточняйте";http://babyexpert.by/product/landysh-bi-07.4-
Кроватки;"Лель Маргаритка БИ 08.4";8569000;блр.;"Наличие уточняйте";http://babyexpert.by/product/margaritka-bi-08.4
Кроватки;"Лель Василек БИ 09.4";4571500;блр.;"Наличие уточняйте";http://babyexpert.by/product/vasilek-bi-09.4
Кроватки;"Лель Василек БИ 09.3";4284500;блр.;"Наличие уточняйте";http://babyexpert.by/product/vasilek-bi-09.3
Кроватки;"Лель Азалия БИ 10.4";7646500;блр.;"Наличие уточняйте";http://babyexpert.by/product/azaliya-bi-10.4
Кроватки;"Лель Азалия БИ 10.3";7400500;блр.;"Наличие уточняйте";http://babyexpert.by/product/azaliya-bi-10.3
Кроватки;"Антел Алита - 3 (Трансформер)";3990000;блр.;"Под заказ";http://babyexpert.by/product/alita---3-transformer
Кроватки;"Антел Ульяна-3 (Трансформер)";3570000;блр.;"Под заказ";http://babyexpert.by/product/ulyana-3-transformer
Кроватки;"Cilek Softy (трансформер)";19250000;блр.;"Под заказ";http://babyexpert.by/product/softy-transformer
Кроватки;"Cilek Baby Cotton";7792000;блр.;"Под заказ";http://babyexpert.by/product/baby-cotton
Кроватки;"Cilek Baby Cotton (трансформер)";16128000;блр.;"Под заказ";http://babyexpert.by/product/baby-cotton-transformer
Кроватки;"Cilek Baby (трансформер)";12900000;блр.;"Под заказ";http://babyexpert.by/product/baby-transformer
Кроватки;"Cilek Baby";7056000;блр.;"Под заказ";http://babyexpert.by/product/baby
Кроватки;"Cilek Кровать-Люлька";1900000;блр.;"Под заказ";http://babyexpert.by/product/krovat-lyulka
Кроватки;"Cilek Speedy";15520000;блр.;"Под заказ";http://babyexpert.by/product/speedy
Кроватки;"Cilek Black Pirate";15520000;блр.;"Наличие уточняйте";http://babyexpert.by/product/black-pirate
Кроватки;"Cilek Yakut Rubin";13280000;блр.;"Наличие уточняйте";http://babyexpert.by/product/yakut-rubin
Кроватки;"Cilek Flora";16128000;блр.;"Наличие уточняйте";http://babyexpert.by/product/flora
Кроватки;"Cilek Рositive";11032000;блр.;"Наличие уточняйте";http://babyexpert.by/product/rositive
Кроватки;"Cilek Active";11136000;блр.;"Наличие уточняйте";http://babyexpert.by/product/active
Кроватки;"Cilek Lila";12816000;блр.;"Наличие уточняйте";http://babyexpert.by/product/lila-
Кроватки;"Cilek Royal";13952000;блр.;"Наличие уточняйте";http://babyexpert.by/product/royal
Кроватки;"Cilek Lila (200х120)";7776000;блр.;"Наличие уточняйте";http://babyexpert.by/product/lila-200h120-
Кроватки;"Cilek Princess (200x90)";3332000;блр.;"Наличие уточняйте";http://babyexpert.by/product/princess-200x90
Кроватки;"Cilek Yakut Rubin (200x90)";4900000;блр.;"Наличие уточняйте";http://babyexpert.by/product/yakut-rubin-200x90
Кроватки;"Cilek Royal (200x90)";5600000;блр.;"Наличие уточняйте";http://babyexpert.by/product/royal-200x90
Кроватки;"Cilek Yakut Rubin 200x120 (со стразами)";10304000;блр.;"Наличие уточняйте";http://babyexpert.by/product/yakut-rubin-200x120-so-strazami
Кроватки;"Cilek Romantic (200x100)";11712000;блр.;"Наличие уточняйте";http://babyexpert.by/product/romantic-200x100
Кроватки;"Cilek Black Pirate (190x90) (кровать-корабль)";16576000;блр.;"Наличие уточняйте";http://babyexpert.by/product/krovat-korabl-black-pirate-190x90
Кроватки;"Cilek White Chocolate 190x90 (с мягким изголовьем)";6096000;блр.;"Наличие уточняйте";http://babyexpert.by/product/white-chocolate-190x90-s-myagkim-izgolovem
Кроватки;"Cilek White Chocolate (190x90)";4704000;блр.;"Наличие уточняйте";http://babyexpert.by/product/white-chocolate-190x90
Кроватки;"Cilek SL Flora (200x120)";16752000;блр.;"Наличие уточняйте";http://babyexpert.by/product/sl-flora-200x120
Комоды;"Little Angel Черепашки Ниндзя, 335ММ";1045500;блр.;"Наличие уточняйте";http://babyexpert.by/product/cherepashki-nindzya-335mm
Манежи;"4Baby Vegas";1660500;блр.;"Наличие уточняйте";http://babyexpert.by/product/vegas
Кроватки;"Erbesi Tippy";6252500;блр.;"Наличие уточняйте";http://babyexpert.by/product/tippy
Кроватки;"Cilek Romantic (200x120)";13952000;блр.;"Наличие уточняйте";http://babyexpert.by/product/romantic-200x120
Кроватки;"Cilek Black Pirate (195x90) (кровать-корабль)";15072000;блр.;"Под заказ";http://babyexpert.by/product/krovat-korabl-black-pirate-195x90
Кроватки;"Cilek Black Pirate (190x90)";6672000;блр.;"Наличие уточняйте";http://babyexpert.by/product/black-pirate-190x90
Кроватки;"Cilek Black Pirate (200x90)";6784000;блр.;"Наличие уточняйте";http://babyexpert.by/product/black-pirate-200x90
Кроватки;"Cilek Black Pirate (200x120)";11398000;блр.;"Наличие уточняйте";http://babyexpert.by/product/black-pirate-200x120
Кроватки;"Cilek Royal (190x90)";5488000;блр.;"Наличие уточняйте";http://babyexpert.by/product/royal-190x90
Кроватки;"Cilek Royal (200x120)";7056000;блр.;"Наличие уточняйте";http://babyexpert.by/product/royal-200x120
Кроватки;"Cilek Strawberry (200x100)";13943000;блр.;"Наличие уточняйте";http://babyexpert.by/product/strawberry-200x100
Кроватки;"Cilek Strawberry (200x120)";16183000;блр.;"Наличие уточняйте";http://babyexpert.by/product/strawberry-200x120
Кроватки;"Cilek Flora (200x120)";10016000;блр.;"Наличие уточняйте";http://babyexpert.by/product/flora-200x120
Кроватки;"Cilek SL Flora (200x90)";11377500;блр.;"Наличие уточняйте";http://babyexpert.by/product/sl-flora-200x90
Кроватки;"Cilek Lila (200x90)";5536000;блр.;"Наличие уточняйте";http://babyexpert.by/product/lila-200x90
Кроватки;"Cilek Active (200x90)";4976000;блр.;"Наличие уточняйте";http://babyexpert.by/product/active-200x90
Кроватки;"Cilek Active Классическая (200x90)";3296000;блр.;"Наличие уточняйте";http://babyexpert.by/product/active-klassicheskaya-200x90
Кроватки;"Cilek Positive (200x90)";5838000;блр.;"Наличие уточняйте";http://babyexpert.by/product/positive-200x90
Кроватки;"Cilek Elite Positive (200x90)";3780000;блр.;"Наличие уточняйте";http://babyexpert.by/product/elite-positive-200x90
Кроватки;"Cilek Positive Adventurer (200x90)";5838000;блр.;"Наличие уточняйте";http://babyexpert.by/product/positive-adventurer-200x90
Кроватки;"Cilek Lila Классическая (200x90)";11070000;блр.;"Наличие уточняйте";http://babyexpert.by/product/lila-klassicheskaya-200x90
Кроватки;"Cilek Cupcake (200x90)";4704000;блр.;"Наличие уточняйте";http://babyexpert.by/product/cupcake-200x90
Кроватки;"Cilek Romantic (с подъемным механизмом)";12992000;блр.;"Под заказ";http://babyexpert.by/product/romantic-s-podemnym-mehanizmom
Кроватки;"Cilek Strawberry (с подъемным механизмом)";13943000;блр.;"Под заказ";http://babyexpert.by/product/strawberry-s-podemnym-mehanizmom
Кроватки;"Cilek Yakut Rubin (с подъемным механизмом)";11992500;блр.;"Наличие уточняйте";http://babyexpert.by/product/yakut-rubin-s-podemnym-mehanizmom
Кроватки;"Cilek Black Pirate (с подъемным механизмом)";12956000;блр.;"Под заказ";http://babyexpert.by/product/black-pirate-s-podemnym-mehanizmom
Кроватки;"Cilek Royal (с подъемным механизмом)";12177000;блр.;"Под заказ";http://babyexpert.by/product/royal-s-podemnym-mehanizmom
Кроватки;"Cilek Active (с подъемным механизмом)";6112000;блр.;"Под заказ";http://babyexpert.by/product/active-s-podemnym-mehanizmom
Кроватки;"Cilek Flora (с подъемным механизмом)";12915000;блр.;"Под заказ";http://babyexpert.by/product/flora-s-podemnym-mehanizmom
Кроватки;"Cilek Пиковка 190x90 (с мягким изголовьем)";6096000;блр.;"Наличие уточняйте";http://babyexpert.by/product/pikovka-190x90-s-myagkim-izgolovem
Кроватки;"Cilek Yakut Rubin 200x90 (со стразами)";12382000;блр.;"Наличие уточняйте";http://babyexpert.by/product/yakut-rubin-200x90-so-strazami-
Кроватки;"Cilek Flora Классическая (200x90)";5536000;блр.;"Наличие уточняйте";http://babyexpert.by/product/flora-klassicheskaya-200x90
Кроватки;"Cilek Nature (190x90)";4704000;блр.;"Наличие уточняйте";http://babyexpert.by/product/nature-190x90
Кроватки;"Cilek SL Active (200x120)";9860500;блр.;"Наличие уточняйте";http://babyexpert.by/product/sl-active-200x120
Манежи;"Baby Design Joy";1440000;блр.;"Наличие уточняйте";http://babyexpert.by/product/joy
Комоды;"Bambini 01";1410000;блр.;"Наличие уточняйте";http://babyexpert.by/product/bambini-01
Кроватки;"Bambolina Anna";7175000;блр.;"Наличие уточняйте";http://babyexpert.by/product/anna
Кроватки;"Bambolina Tenerino Cristallo";13407000;блр.;"Наличие уточняйте";http://babyexpert.by/product/tenerino-cristallo
Кроватки;"Bambolina Global";12710000;блр.;"Наличие уточняйте";http://babyexpert.by/product/global
Кроватки;"Bambolina Merlino";12095000;блр.;"Наличие уточняйте";http://babyexpert.by/product/merlino
Кроватки;"Bambolina Vanity Cristallo";9532500;блр.;"Наличие уточняйте";http://babyexpert.by/product/vanity-cristallo
Кроватки;"Bambolina Principessa Cristallo";14575500;блр.;"Наличие уточняйте";http://babyexpert.by/product/principessa-cristallo
Кроватки;"Bambolina Principessa Classic";12730500;блр.;"Наличие уточняйте";http://babyexpert.by/product/principessa-classic
Кроватки;"Bambolina Divina";18450000;блр.;"Наличие уточняйте";http://babyexpert.by/product/divina
Кроватки;"Bambolina Firenze";19639000;блр.;"Наличие уточняйте";http://babyexpert.by/product/firenze
Кроватки;"Bambolina Divina Lux Cristallo";29315000;блр.;"Наличие уточняйте";http://babyexpert.by/product/divina-lux-cristallo
Кроватки;"Bambolina Divina Cristallo";19270000;блр.;"Наличие уточняйте";http://babyexpert.by/product/divina-cristallo
Кроватки;"Bambolina Divina Lux";28700000;блр.;"Наличие уточняйте";http://babyexpert.by/product/divina-lux
Кроватки;"Bambolina Divina Glamour";17138000;блр.;"Наличие уточняйте";http://babyexpert.by/product/divina-glamour
Кроватки;"Bambolina Soft Mama";16502500;блр.;"Наличие уточняйте";http://babyexpert.by/product/soft-mama
Кроватки;"Bambolina Soft Mama One";20090000;блр.;"Наличие уточняйте";http://babyexpert.by/product/soft-mama-one
Кроватки;"Bambolina Soft Mama Luxury";21935000;блр.;"Наличие уточняйте";http://babyexpert.by/product/soft-mama-luxury
Кроватки;"Bambolina Sweet Mama";20295000;блр.;"Наличие уточняйте";http://babyexpert.by/product/sweet-mama
Кроватки;"Bambolina Sweet Mama One";18573000;блр.;"Наличие уточняйте";http://babyexpert.by/product/sweet-mama-one
Кроватки;"Bambolina Sweet Mama Luxury";20295000;блр.;"Наличие уточняйте";http://babyexpert.by/product/sweet-mama-luxury
Кроватки;"Bambolina Capri";28700000;блр.;"Наличие уточняйте";http://babyexpert.by/product/capri
Кроватки;"Bambolina Emozione";14965000;блр.;"Наличие уточняйте";http://babyexpert.by/product/emozione
Кроватки;"Bambolina Family";12710000;блр.;"Наличие уточняйте";http://babyexpert.by/product/family
Кроватки;"Bambolina Tesoro";13284000;блр.;"Наличие уточняйте";http://babyexpert.by/product/tesoro
Кроватки;"Bambolina Tesoro Silver";14186000;блр.;"Наличие уточняйте";http://babyexpert.by/product/tesoro-silver
Кроватки;"Bambolina Tesoro Lux";15006000;блр.;"Наличие уточняйте";http://babyexpert.by/product/tesoro-lux
Кроватки;"Bambolina Fantasia";15990000;блр.;"Наличие уточняйте";http://babyexpert.by/product/fantasia
Кроватки;"Bambolina Firenze";11787500;блр.;"Наличие уточняйте";http://babyexpert.by/product/kolibel-firenze
Кроватки;"Bambolina Candy";5904000;блр.;"Наличие уточняйте";http://babyexpert.by/product/kolybel-candy
Кроватки;"Bambolina Love с ящиком";5678500;блр.;"Наличие уточняйте";http://babyexpert.by/product/love-s-yaschikom
Кроватки;"Bambolina Family";9020000;блр.;"Наличие уточняйте";http://babyexpert.by/product/kolybel-family
Комоды;"Bambolina Flip";8917500;блр.;"Наличие уточняйте";http://babyexpert.by/product/flip
Комоды;"Bambolina Firenze / Divina Luxe Cristallo";15272500;блр.;"Наличие уточняйте";http://babyexpert.by/product/firenze-divina-luxe-cristallo
Комоды;"Bambolina Soft Mama/Sweet Mama";9532500;блр.;"Наличие уточняйте";http://babyexpert.by/product/soft-mama-sweet-mama
Комоды;"Bambolina Capri";15477500;блр.;"Наличие уточняйте";http://babyexpert.by/product/bambolina-capri
Комоды;"Bambolina Emozione";12300000;блр.;"Наличие уточняйте";http://babyexpert.by/product/bambolina-emozione
Комоды;"Bambolina Global";10250000;блр.;"Наличие уточняйте";http://babyexpert.by/product/bambolina-global
Комоды;"Bambolina Merlino";9983500;блр.;"Наличие уточняйте";http://babyexpert.by/product/bambolina-merlino
Комоды;"Bambolina Principessa Cristallo";14350000;блр.;"Наличие уточняйте";http://babyexpert.by/product/bambolina-principessa-cristallo
Комоды;"Bambolina Family";13120000;блр.;"Наличие уточняйте";http://babyexpert.by/product/bambolina-family
Комоды;"Bambolina Tesoro/Fantasia";12300000;блр.;"Наличие уточняйте";http://babyexpert.by/product/tesoro-fantasia
Кроватки;"СКВ-Компани 94003 (Жираф)";3628500;блр.;"Наличие уточняйте";http://babyexpert.by/product/skv94003
Кроватки;"СКВ-Компани 94103 (Птички)";3710500;блр.;"Наличие уточняйте";http://babyexpert.by/product/skv94103
Манежи;"Foppapedretti Barbapapa B-Play";4100000;блр.;"Под заказ";http://babyexpert.by/product/barbapapa-b-play
Манежи;"Foppapedretti Sonnolino";3177500;блр.;"Под заказ";http://babyexpert.by/product/sonnolino
Манежи;"Foppapedretti Supernanna";2665000;блр.;"Под заказ";http://babyexpert.by/product/supernanna
Комоды;"Foppapedretti Amy Rollino";10209000;блр.;"Под заказ";http://babyexpert.by/product/amy-rollino
Комоды;"Foppapedretti Amy Armony";10209000;блр.;"Под заказ";http://babyexpert.by/product/amy-armony
Комоды;"Foppapedretti Amy Gioiellino";12505000;блр.;"Под заказ";http://babyexpert.by/product/amy-gioiellino
Комоды;"Foppapedretti Amy Luccichino";10209000;блр.;"Под заказ";http://babyexpert.by/product/amy-luccichino
Комоды;"Foppapedretti Favola";15375000;блр.;"Под заказ";http://babyexpert.by/product/favola
Комоды;"Foppapedretti Flora";9840000;блр.;"Под заказ";http://babyexpert.by/product/foppapedretti-flora
Комоды;"Foppapedretti Cristallino";9840000;блр.;"Под заказ";http://babyexpert.by/product/cristallino
Комоды;"Foppapedretti Pastello";8507500;блр.;"Под заказ";http://babyexpert.by/product/pastello
Комоды;"Foppapedretti Bagnetto";6662500;блр.;"Под заказ";http://babyexpert.by/product/bagnetto
Комоды;"Foppapedretti Monello Vagonlit";12402500;блр.;"Под заказ";http://babyexpert.by/product/monello-vagonlit
Комоды;"Foppapedretti Paky";8507500;блр.;"Под заказ";http://babyexpert.by/product/paky
Комоды;"Foppapedretti Pekos";8610000;блр.;"Под заказ";http://babyexpert.by/product/pekos
Комоды;"Foppapedretti Sonny";9225000;блр.;"Под заказ";http://babyexpert.by/product/sonny
Кроватки;"Foppapedretti Armony";12095000;блр.;"Под заказ";http://babyexpert.by/product/armony
Кроватки;"Foppapedretti Cristallino";8200000;блр.;"Под заказ";http://babyexpert.by/product/foppapedretti-cristallino
Кроватки;"Foppapedretti Cuore di Mamma";12197500;блр.;"Под заказ";http://babyexpert.by/product/cuore-di-mamma
Кроватки;"Foppapedretti Luccichino";10660000;блр.;"Под заказ";http://babyexpert.by/product/foppapedretti-luccichino
Кроватки;"Foppapedretti Paky";7749000;блр.;"Под заказ";http://babyexpert.by/product/foppapedretti-pak-krovatka
Кроватки;"Foppapedretti Pastello";9635000;блр.;"Под заказ";http://babyexpert.by/product/foppapedretti-pastello
Кроватки;"Foppapedretti Pekos";8815000;блр.;"Под заказ";http://babyexpert.by/product/foppapedretti-pekos
Кроватки;"Foppapedretti Rollino";11890000;блр.;"Под заказ";http://babyexpert.by/product/foppapedretti-rollino
Кроватки;"Foppapedretti Sonny";8917500;блр.;"Под заказ";http://babyexpert.by/product/foppapedretti-sonny
Кроватки;"Foppapedretti Vagonlit";15067500;блр.;"Под заказ";http://babyexpert.by/product/foppapedretti-vagonlit
Кроватки;"СКВ-Компани Березка New 12400";1701500;блр.;"Наличие уточняйте";http://babyexpert.by/product/berezka-new-mayatnik
Кроватки;"СКВ-Компани Березка New 12011";1291500;блр.;"Наличие уточняйте";http://babyexpert.by/product/berezka-new-12011
Кроватки;"СКВ-Компани Березка 17011";1558000;блр.;"Под заказ";http://babyexpert.by/product/berezka-new-17011
Кроватки;"Лель Кубаночка-1 БИ 37.3";3731000;блр.;"Наличие уточняйте";http://babyexpert.by/product/kubanochka-1-bi-37.3
Кроватки;"Лель Кубаночка-2 БИ 38.3";3731000;блр.;"Наличие уточняйте";http://babyexpert.by/product/kubanochka-2-bi-38.3
Кроватки;"Лель Кубаночка-3 БИ 39.3";3731000;блр.;"Наличие уточняйте";http://babyexpert.by/product/kubanochka-3-bi-39.3
Кроватки;"Лель Кубаночка-4 БИ 40.3";3956500;блр.;"Наличие уточняйте";http://babyexpert.by/product/kubanochka-4-bi-40.3
Кроватки;"Лель Кубаночка-5 БИ 41.3";4141000;блр.;"Наличие уточняйте";http://babyexpert.by/product/kubanochka-5-bi-41.3
Кроватки;"Лель Кубаночка-6 БИ 42.3";4653500;блр.;"Наличие уточняйте";http://babyexpert.by/product/kubanochka-6-bi-42.3
Кроватки;"Красная звезда Кирюша (С 859)";6744500;блр.;"Наличие уточняйте";http://babyexpert.by/product/kiryusha--s-859-
Кроватки;"Красная звезда Степан (С 900)";2521500;блр.;"Наличие уточняйте";http://babyexpert.by/product/stepan--s-900-
Кроватки;"Красная звезда Ярослава (С 551)";7892500;блр.;"Наличие уточняйте";http://babyexpert.by/product/yaroslava-s-551
Комоды;"Красная звезда С 577";6150000;блр.;"Наличие уточняйте";http://babyexpert.by/product/s-577
Комоды;"Красная звезда С 545";5740000;блр.;"Наличие уточняйте";http://babyexpert.by/product/s-545
Манежи;"Bertoni (Lorelli) Nanny 2";1742500;блр.;"Наличие уточняйте";http://babyexpert.by/product/bertoni-nanny-2
Кроватки;"Bambini 02 (поперечный маятник+ящик)";1980000;блр.;"Наличие уточняйте";http://babyexpert.by/product/02--poperechnyy-mayatnik-
Кроватки;"Bambini 01 (качалка)";1100000;блр.;"Наличие уточняйте";http://babyexpert.by/product/01--kachalka-
Кроватки;"Bambini 03 (поперечный маятник)";1550000;блр.;"Наличие уточняйте";http://babyexpert.by/product/03--poperechnyy-mayatnik-
Кроватки;"Красная звезда Тимоша (С 313)";4305000;блр.;"Наличие уточняйте";http://babyexpert.by/product/timosha--s-313-
Кроватки;"Гандылян Людмила (универсальный маятник)";4305000;блр.;"Наличие уточняйте";http://babyexpert.by/product/lyudmila--universalnyy-mayatnik-
Кроватки;"СКВ-Компани Березка 12111";1845000;блр.;"Наличие уточняйте";http://babyexpert.by/product/berezka-12111
Кроватки;"СКВ-Компани Березка 12200";2993000;блр.;"Наличие уточняйте";http://babyexpert.by/product/berezka-12200
Комоды;"Островок уюта Виола";1906500;блр.;"Под заказ";http://babyexpert.by/product/viola
Манежи;"Bertoni (Lorelli) Nanny 2 Plus";2111500;блр.;"Наличие уточняйте";http://babyexpert.by/product/nanny-2-plus
Кроватки;"Гандылян Габриэлла Люкс (колесо-качалка)";5965500;блр.;"Наличие уточняйте";http://babyexpert.by/product/gabriella-lyuks--koleso-kachalka-
Комоды;"Cilek Yakut Rubin (4 ящика)";11623500;блр.;"Наличие уточняйте";http://babyexpert.by/product/yakut-rubin--4-yaschika-
Комоды;"Лель БИ 111";5125000;блр.;"Наличие уточняйте";http://babyexpert.by/product/bi-111
Комоды;"Лель БИ 222";8774000;блр.;"Наличие уточняйте";http://babyexpert.by/product/sapfir-bi-222
Кроватки;"Feretti Privilege Swing";15375000;блр.;"Под заказ";http://babyexpert.by/product/privilege-swing
Кроватки;"Лель Кубаночка-4 БИ 40.2";3956500;блр.;"Наличие уточняйте";http://babyexpert.by/product/kubanochka-4-bi-40.2
Кроватки;"Гандылян Габриэлла Люкс (маятник)";6949500;блр.;"Наличие уточняйте";http://babyexpert.by/product/gabriella-lyuks--mayatnik-
Кроватки;"Feretti Culla Gemellare Merit";13325000;блр.;"Под заказ";http://babyexpert.by/product/culla-gemellare-merit
Кроватки;"Feretti Culla Gemellare Ricordo";13325000;блр.;"Под заказ";http://babyexpert.by/product/culla-gemellare-ricordo
Кроватки;"Feretti Culla Gemelli Desire";13325000;блр.;"Под заказ";http://babyexpert.by/product/culla-gemelli-desire
Кроватки;"Feretti Gemellare Doppio NIidi Enchant (c матрасом)";14350000;блр.;"Наличие уточняйте";http://babyexpert.by/product/gemellare-doppio-niidi-enchant-c-matrasom
Кроватки;"Ведрусс Милена";2685500;блр.;"Наличие уточняйте";http://babyexpert.by/product/milena
Комоды;"Дэми ТУВ.01-01";2214000;блр.;"Наличие уточняйте";http://babyexpert.by/product/tuv.01-01
Кроватки;"Micuna МО-1616 с текстилем (бортики и одеяло)";6150000;блр.;"Наличие уточняйте";http://babyexpert.by/product/mo-1616
Кроватки;"Micuna MO-1625  с текстилем (бортики и одеяло)";5432500;блр.;"Наличие уточняйте";http://babyexpert.by/product/mo-1625
Кроватки;"Micuna Fresh Mini MO-1560";6047500;блр.;"Наличие уточняйте";http://babyexpert.by/product/fresh-mini-mo-1560
Кроватки;"Micuna Cododo MO-1639";6252500;блр.;"Наличие уточняйте";http://babyexpert.by/product/cododo-mo-1639
Кроватки;"Micuna Neus TX-877";7482500;блр.;"Наличие уточняйте";http://babyexpert.by/product/neus-tx-877
Кроватки;"Micuna Smart Fresh MO-1456";7892500;блр.;"Наличие уточняйте";http://babyexpert.by/product/smart-fresh-mo-1456
Кроватки;"Micuna Smart MO-1456";7892500;блр.;"Наличие уточняйте";http://babyexpert.by/product/smart-mo-1456
Кроватки;"Micuna Juliette MO-1542";9491500;блр.;"Наличие уточняйте";http://babyexpert.by/product/juliette-mo-1542
Кроватки;"Лель Кубаночка-6 БИ 42.2";4653500;блр.;"Наличие уточняйте";http://babyexpert.by/product/kubanochka-6-bi-42.2
Комоды;"Micuna Life MO-1714 трансформер";7954000;блр.;"Наличие уточняйте";http://babyexpert.by/product/life-mo-1714-transformer
Кроватки;"Лель Кубаночка-1 БИ 37.2";3731000;блр.;"Наличие уточняйте";http://babyexpert.by/product/kubanochka-1-bi-37.2
Кроватки;"Лель Кубаночка-2 БИ 38.2";3710500;блр.;"Наличие уточняйте";http://babyexpert.by/product/kubanochka-2-bi-38.2
Кроватки;"Лель Кубаночка-3 БИ 39.2";3731000;блр.;"Наличие уточняйте";http://babyexpert.by/product/kubanochka-3-bi-39.2
Кроватки;"Лель Кубаночка-5 БИ 41.2";4141000;блр.;"Наличие уточняйте";http://babyexpert.by/product/kubanochka-5-bi-41.2
Кроватки;"Лель Василёк БИ 09.2";4243500;блр.;"Наличие уточняйте";http://babyexpert.by/product/vasilyok-bi-09.2
Кроватки;"Лель Магнолия БИ 555.3";9061000;блр.;"Наличие уточняйте";http://babyexpert.by/product/magnoliya-bi-555.3
Кроватки;"Лель Юнона БИ 04";6375500;блр.;"Наличие уточняйте";http://babyexpert.by/product/yunona-bi-04
Кроватки;"Красная звезда Софьюшка С 852";2747000;блр.;"Наличие уточняйте";http://babyexpert.by/product/sofyushka-s-852
Кроватки;"Feretti Vanity";11746500;блр.;"Наличие уточняйте";http://babyexpert.by/product/vanity
Кроватки;"Feretti Odeon Rovere";10455000;блр.;"Наличие уточняйте";http://babyexpert.by/product/odeon-rovere
Кроватки;"Feretti Velvet";13714500;блр.;"Наличие уточняйте";http://babyexpert.by/product/velvet
Кроватки;"Feretti Majesty Oblo Brillante";15744000;блр.;"Наличие уточняйте";http://babyexpert.by/product/majesty-oblo-brillante
Кроватки;"Feretti FMS Majesty Oblo Brillante";18655000;блр.;"Наличие уточняйте";http://babyexpert.by/product/fms-majesty-oblo-brillante
Кроватки;"Красная звезда Валерия (С749) аппликация Мишка на облаке";6970000;блр.;"Наличие уточняйте";http://babyexpert.by/product/valeriya-s-749-nakladka-22-mishka-na-oblake
Кроватки;"Красная звезда Малуша (С751)";2255000;блр.;"Наличие уточняйте";http://babyexpert.by/product/malusha-s751
Кроватки;"Фея 101";1025000;блр.;"Наличие уточняйте";http://babyexpert.by/product/feya-101
Кроватки;"Фея 203";1168500;блр.;"Наличие уточняйте";http://babyexpert.by/product/feya-203
Кроватки;"Фея 700";1496500;блр.;"Наличие уточняйте";http://babyexpert.by/product/feya-700
Кроватки;"Красная звезда Регина (С 582)";6375500;блр.;"Наличие уточняйте";http://babyexpert.by/product/regina-s-582
Кроватки;"Красная звезда Кристина (С 614)";2193500;блр.;"Наличие уточняйте";http://babyexpert.by/product/kristina-s-614
Кроватки;"Красная звезда Савелий (С 823) раздвижная с барьером";4776500;блр.;"Наличие уточняйте";http://babyexpert.by/product/saveliy--s-823--razdvizhnaya-s-barerom
Кроватки;"Красная звезда Леонардо (С 770)";9225000;блр.;"Наличие уточняйте";http://babyexpert.by/product/leonardo-s-770
Кроватки;"СКВ-Компани 54003 (Жираф)";3136500;блр.;"Под заказ";http://babyexpert.by/product/54003--zhiraf-
Кроватки;"СКВ-Компани СКВ 54403";3218500;блр.;"Наличие уточняйте";http://babyexpert.by/product/skv-54403
Кроватки;"Красная звезда Виталина (С 853) аппликация Мама";4981500;блр.;"Наличие уточняйте";http://babyexpert.by/product/vitalina-s-853
Кроватки;"Красная звезда Юлиана (С 878)";8917500;блр.;"Наличие уточняйте";http://babyexpert.by/product/yuliana-s-878-rezba-8-dekor-26-koshka
Кроватки;"СКВ-Компани 23400";1968000;блр.;"Наличие уточняйте";http://babyexpert.by/product/ckv-23400-6
Кроватки;"СКВ-Компани Берёзка 12600";2337000;блр.;"Наличие уточняйте";http://babyexpert.by/product/12600-beryozka
Манежи;"4moms Breeze";7380000;блр.;"Под заказ";http://babyexpert.by/product/breeze
Кроватки;"Nuovita Nido Magia";6662500;блр.;"Наличие уточняйте";http://babyexpert.by/product/nido-magia
Манежи;"Baby Care Rainbow";1638000;блр.;"Наличие уточняйте";http://babyexpert.by/product/rainbow-
Кроватки;"Yarri Оле Лукойе";3444000;блр.;"Под заказ";http://babyexpert.by/product/ole-lukoye
Комоды;"Фея 1560";1701500;блр.;"Под заказ";http://babyexpert.by/product/feya-1560
Комоды;"Фея 1580";1845000;блр.;"Под заказ";http://babyexpert.by/product/feya-1580
Комоды;"Фея 1780";1845000;блр.;"Под заказ";http://babyexpert.by/product/feya-1780
Кроватки;"Абсолют Мебель Пилот";18000000;блр.;"Под заказ";http://babyexpert.by/product/pilot
Кроватки;"Yarri Танзания";3362000;блр.;"Под заказ";http://babyexpert.by/product/tanzaniya
Кроватки;"Feretti Mamma (Culla)";6150000;блр.;"Под заказ";http://babyexpert.by/product/culla--mamma-
Кроватки;"Фея 1000";2808500;блр.;"Наличие уточняйте";http://babyexpert.by/product/feya-1000
Кроватки;"Фея 1100";2767500;блр.;"Под заказ";http://babyexpert.by/product/feya-1100
Кроватки;"Фея 1200";3587500;блр.;"Наличие уточняйте";http://babyexpert.by/product/feya-1200
Кроватки;"Фея 1400";2993000;блр.;"Наличие уточняйте";http://babyexpert.by/product/feya-1400
Кроватки;"Фея 2100";3628500;блр.;"Наличие уточняйте";http://babyexpert.by/product/feya-2100
Кроватки;"Feretti Charme (Culla)";8815000;блр.;"Под заказ";http://babyexpert.by/product/culla--charme-
Манежи;"Caretero Armor";2727000;блр.;"Наличие уточняйте";http://babyexpert.by/product/caretero-armor
Манежи;"Kitan Fox";1594000;блр.;"Наличие уточняйте";http://babyexpert.by/product/kitan-fox
Кроватки;"Erbesi Amour";9225000;блр.;"Под заказ";http://babyexpert.by/product/detskaya-krovatka-erbesi-amour
Комоды;"Erbesi Amour";6396000;блр.;"Под заказ";http://babyexpert.by/product/komod-erbesi-amour
Кроватки;"Erbesi Abbraccio";6560000;блр.;"Под заказ";http://babyexpert.by/product/krovatka-erbesi-abbraccio
Комоды;"Erbesi Abbraccio";6437000;блр.;"Под заказ";http://babyexpert.by/product/pelenalnyy-komod-erbesi-abbraccio
Комоды;"Erbesi Bijoux";6785500;блр.;"Под заказ";http://babyexpert.by/product/detskiy-komod-erbesi-bijoux
Кроватки;"Erbesi Bijoux";9225000;блр.;"Под заказ";http://babyexpert.by/product/detskaya-krovatka-erbesi-bijoux
Комоды;"Erbesi Cuoricino";8507500;блр.;"Под заказ";http://babyexpert.by/product/komod-pelenalnyy-erbesi-cuoricino
Кроватки;"Erbesi Cuoricino";7175000;блр.;"Под заказ";http://babyexpert.by/product/detskaya-krovatka-erbesi-cuoricino
Кроватки;"Erbesi Flic";4920000;блр.;"Под заказ";http://babyexpert.by/product/detskaya-krovatka-erbesi-flic
Комоды;"Erbesi Flic";5043000;блр.;"Под заказ";http://babyexpert.by/product/detskiy-komod-erbesi-flic
Комоды;"Erbesi Romantico";8364000;блр.;"Под заказ";http://babyexpert.by/product/detskiy-komod-erbesi-romantico
Кроватки;"Erbesi Romantico";14350000;блр.;"Под заказ";http://babyexpert.by/product/detskaya-krovatka-erbesi-romantico
Манежи;"Baby Design Play Up";2100000;блр.;"Наличие уточняйте";http://babyexpert.by/product/play-up
Комоды;"Erbesi Dormiglione";5494000;блр.;"Под заказ";http://babyexpert.by/product/komod-pelenalnyy-erbesi-dormiglione
Кроватки;"Erbesi Dormiglione";5330000;блр.;"Под заказ";http://babyexpert.by/product/detskaya-krovatka-erbesi-dormiglione
Кроватки;"Erbesi Nuvola";8200000;блр.;"Под заказ";http://babyexpert.by/product/detskaya-krovatka-erbesi-nuvola
Кроватки;"Erbesi Cucciolo";14227000;блр.;"Под заказ";http://babyexpert.by/product/detskaya-krovatka-erbesi-cucciolo
Комоды;"Erbesi Cucciolo";9102000;блр.;"Под заказ";http://babyexpert.by/product/detskiy-pelenalnyy-komod-erbesi-cucciolo
Комоды;"Erbesi Cucciolo";11275000;блр.;"Под заказ";http://babyexpert.by/product/detskiy-komod-erbesi-cucciolo
Кроватки;"Erbesi Bubu";9327500;блр.;"Под заказ";http://babyexpert.by/product/detskaya-krovatka-erbesi-bubu
Комоды;"Erbesi Bubu";7892500;блр.;"Под заказ";http://babyexpert.by/product/pelenalnyy-komod-erbesi-bubu
Комоды;"Erbesi Sonia";6457500;блр.;"Под заказ";http://babyexpert.by/product/komod-pelenalnyy-erbesi-sonia
Кроватки;"Erbesi Sonia";8097500;блр.;"Под заказ";http://babyexpert.by/product/detskaya-krovatka-erbesi-sonia
Комоды;"Erbesi Tiffany";8897000;блр.;"Под заказ";http://babyexpert.by/product/detskiy-komod-erbesi-tiffany
Кроватки;"Erbesi Incanto";9389000;блр.;"Под заказ";http://babyexpert.by/product/detskaya-krovatka-erbesi-incanto
Комоды;"Erbesi Incanto";7113500;блр.;"Под заказ";http://babyexpert.by/product/detskiy-komod-erbesi-incanto
Комоды;"Erbesi Tippy";5494000;блр.;"Под заказ";http://babyexpert.by/product/detskiy-komod-pelenalnyy-erbesi-tippy
Комоды;"Erbesi Cuore";10127000;блр.;"Под заказ";http://babyexpert.by/product/detskiy-komod-pelenalnyy-erbesi-cuore
Кроватки;"Erbesi Cuore";14862500;блр.;"Под заказ";http://babyexpert.by/product/detskaya-krovatka-erbesi-cuore
Кроватки;"Erbesi Cucu";8200000;блр.;"Под заказ";http://babyexpert.by/product/detskaya-krovat-erbesi-cucu
Комоды;"Erbesi Cucu";7667000;блр.;"Под заказ";http://babyexpert.by/product/detskiy-komod-pelenalnyy-erbesi-cucu
Комоды;"Erbesi Elite";8302500;блр.;"Под заказ";http://babyexpert.by/product/detskiy-pelenalnyy-komod-erbesi-elite
Кроватки;"Pali Funny Bear";6580500;блр.;"Наличие уточняйте";http://babyexpert.by/product/funny-bear
Кроватки;"Erbesi Elite";14862500;блр.;"Под заказ";http://babyexpert.by/product/detskaya-krovatka-erbesi-elite
Кроватки;"Erbesi Jolie";9922000;блр.;"Под заказ";http://babyexpert.by/product/detskaya-krovatka-erbesi-jolie
Комоды;"Erbesi Jolie";6396000;блр.;"Под заказ";http://babyexpert.by/product/detskiy-pelenaldnyy-komod-erbesijolie
Комоды;"Erbesi Brigette";8938000;блр.;"Под заказ";http://babyexpert.by/product/komod-pelenalnyy-erbesi-brigette
Кроватки;"Erbesi Brigette";12484500;блр.;"Под заказ";http://babyexpert.by/product/detskaya-krovatka-erbesi-brigette
Манежи;"Graco Silhouette";3792500;блр.;"Под заказ";http://babyexpert.by/product/silhouette
Кроватки;"Aprica New Born EasyWash";8446000;блр.;"Под заказ";http://babyexpert.by/product/new-born-easywash
Кроватки;"Aprica YuraLism Auto DX";14719000;блр.;"Под заказ";http://babyexpert.by/product/yuralism-auto-dx
Кроватки;"Angela Bella Жаклин";4715000;блр.;"Наличие уточняйте";http://babyexpert.by/product/zhaklin
Кроватки;"Angela Bella Изабель";5125000;блр.;"Наличие уточняйте";http://babyexpert.by/product/izabel
Кроватки;"Angela Bella Бьянка";2501000;блр.;"Наличие уточняйте";http://babyexpert.by/product/angela--byanka
Манежи;"Cam Sonno";1845000;блр.;"Под заказ";http://babyexpert.by/product/sonno
Манежи;"Cam Pisolino";2255000;блр.;"Под заказ";http://babyexpert.by/product/pisolino
Манежи;"Cam America Arcogiochi";4264000;блр.;"Под заказ";http://babyexpert.by/product/america-arcogiochi
Манежи;"Cam Brevettato Millegiochi";4284500;блр.;"Под заказ";http://babyexpert.by/product/brevettato-millegiochi
Манежи;"Baby Design Holiday";1700000;блр.;"Наличие уточняйте";http://babyexpert.by/product/holiday
Кроватки;"Angela Bella Бьянка (маятник)";3690000;блр.;"Под заказ";http://babyexpert.by/product/byanka--mayatnik-
Кроватки;"Angela Bella Изабель (маятник)";6560000;блр.;"Под заказ";http://babyexpert.by/product/izabel--mayatnik-
